;Title;Address
0;Eksplozja w pięciogwiazdkowym hotelu w Hawanie. Co najmniej 18 ofiar ;https://wydarzenia.interia.pl/zagranica/news-eksplozja-w-pieciogwiazdkowym-hotelu-w-hawanie-co-najmniej-1,nId,6008919
1;Media: Zniszczono okręt u wybrzeży Wyspy Węży;https://wydarzenia.interia.pl/raporty/raport-ukraina-rosja/aktualnosci/news-media-zniszczono-okret-u-wybrzezy-wyspy-wezy,nId,6009034
2;Zasadzka bez wyjścia. Ukraińcy opublikowali nagranie;https://wydarzenia.interia.pl/raporty/raport-ukraina-rosja/aktualnosci/news-zasadzka-bez-wyjscia-ukraincy-opublikowali-nagranie,nId,6009024
3;Polub nas na Facebook;https://wydarzenia.interia.plhttps://www.facebook.com/INTERIAWydarzenia/
4;Zakaz noszenia ukraińskich flag w Berlinie. Ambasador: Jesteśmy zszokowani;https://wydarzenia.interia.pl/raporty/raport-ukraina-rosja/aktualnosci/news-zakaz-noszenia-ukrainskich-flag-w-berlinie-ambasador-jestesm,nId,6009018
5;Trzaskowski oburzony: Ambasada Rosji chce uczcić 9 maja w Warszawie;https://wydarzenia.interia.pl/raporty/raport-ukraina-rosja/aktualnosci/news-trzaskowski-oburzony-ambasada-rosji-chce-uczcic-9-maja-w-war,nId,6009014
6;Emmanuel Macron ponownie zaprzysiężony na prezydenta Francji ;https://wydarzenia.interia.pl/raporty/raport-wybory-prezydenckie-francja-2022/aktualnosci/news-emmanuel-macron-ponownie-zaprzysiezony-na-prezydenta-francji,nId,6009011
7;Adam Glapiński na kolejną kadencję w NBP? Ast: Mamy większość ;https://wydarzenia.interia.pl/kraj/news-adam-glapinski-na-kolejna-kadencje-w-nbp-ast-mamy-wiekszosc,nId,6009003
8;Ukraiński Sztab Generalny: Rosja straciła ponad 25 tys. żołnierzy;https://wydarzenia.interia.pl/raporty/raport-ukraina-rosja/aktualnosci/news-ukrainski-sztab-generalny-rosja-stracila-ponad-25-tys-zolnie,nId,6009001
9;12-latek napisał list. Odpowiedział mu Wołodymyr Zełenski;https://wydarzenia.interia.pl/raporty/raport-ukraina-rosja/aktualnosci/news-12-latek-napisal-list-odpowiedzial-mu-wolodymyr-zelenski,nId,6008999
10;Problemy Rosjan. Media: Chcą uciec z Wyspy Węży;https://wydarzenia.interia.pl/raporty/raport-ukraina-rosja/aktualnosci/news-problemy-rosjan-media-chca-uciec-z-wyspy-wezy,nId,6008981
11;"""De Telegraaf"": Guy Verhofstadt i Mark Rutte niszczą Unię Europejską";https://wydarzenia.interia.pl/zagranica/news-de-telegraaf-guy-verhofstadt-i-mark-rutte-niszcza-unie-europ,nId,6008976
12;25 mln ton zboża utknęło. Przedstawiciel ONZ: Groteskowa sytuacja;https://wydarzenia.interia.pl/raporty/raport-ukraina-rosja/aktualnosci/news-25-mln-ton-zboza-utknelo-przedstawiciel-onz-groteskowa-sytua,nId,6008972
13;Tankowiec przegrał ze strajkiem. Rosyjska ropa nie wpłynęła do Holandii;https://wydarzenia.interia.pl/raporty/raport-ukraina-rosja/aktualnosci/news-tankowiec-przegral-ze-strajkiem-rosyjska-ropa-nie-wplynela-d,nId,6008965
14;"""Tak! Dla Polski"" za wspólną listą opozycji w wyborach";https://wydarzenia.interia.pl/kraj/news-tak-dla-polski-za-wspolna-lista-opozycji-w-wyborach,nId,6008960
15;Supernowoczesny rosyjski czołg T-90M zniszczony. Dane Brytyjczyków;https://wydarzenia.interia.pl/raporty/raport-ukraina-rosja/aktualnosci/news-supernowoczesny-rosyjski-czolg-t-90m-zniszczony-dane-brytyjc,nId,6008951
16;Policyjny pościg w Pszczynie. Nie żyje 33-latek;https://wydarzenia.interia.pl/raporty/raport-ukraina-rosja/aktualnosci/news-policyjny-poscig-w-pszczynie-nie-zyje-33-latek,nId,6008949
17;Matura 2022: Polski, matematyka, angielski. Zaskoczeń nie brakowało;https://wydarzenia.interia.pl/raporty/raport-matura-2022/aktualnosci/news-matura-2022-polski-matematyka-angielski-zaskoczen-nie-brakow,nId,6007243
18;"Japonia bije na alarm. ""Niezidentyfikowany pocisk"" Korei Północnej";https://wydarzenia.interia.pl/zagranica/news-japonia-bije-na-alarm-niezidentyfikowany-pocisk-korei-polnoc,nId,6008933
19;Amnesty International zebrała relacje świadków masakry w Buczy;https://wydarzenia.interia.pl/raporty/raport-ukraina-rosja/aktualnosci/news-amnesty-international-zebrala-relacje-swiadkow-masakry-w-buc,nId,6008930
20;Tragiczna noc w Kole. W pożarze zginęło pięcioletnie dziecko ;https://wydarzenia.interia.pl/wielkopolskie/news-tragiczna-noc-w-kole-w-pozarze-zginelo-piecioletnie-dziecko,nId,6008928
21;"""Jacht Putina"" oficjalnie przejęty. ""Szeherezada "" w rękach Włochów";https://wydarzenia.interia.pl/raporty/raport-ukraina-rosja/aktualnosci/news-jacht-putina-oficjalnie-przejety-szeherezada-w-rekach-wlocho,nId,6008924
22;Nowy pakiet dostaw broni dla Ukrainy. Wartość ok. 150 mln dolarów;https://wydarzenia.interia.pl/raporty/raport-ukraina-rosja/aktualnosci/news-nowy-pakiet-dostaw-broni-dla-ukrainy-wartosc-ok-150-mln-dola,nId,6007599
23;Zełenski o Azowstalu: Jeśli Rosjanie zabiją, nie będzie o czym rozmawiać;https://wydarzenia.interia.pl/raporty/raport-ukraina-rosja/aktualnosci/news-zelenski-o-azowstalu-jesli-rosjanie-zabija-nie-bedzie-o-czym,nId,6007595
24;"""Nocne Wilki"" w Berlinie. ""Budzący postrach motocykliści""";https://wydarzenia.interia.pl/raporty/raport-ukraina-rosja/aktualnosci/news-nocne-wilki-w-berlinie-budzacy-postrach-motocyklisci,nId,6007583
25;Ukraina szykuje się na rosyjskie święto. Codziennie ujawnia dywersantów;https://wydarzenia.interia.pl/raporty/raport-ukraina-rosja/aktualnosci/news-ukraina-szykuje-sie-na-rosyjskie-swieto-codziennie-ujawnia-d,nId,6007575
26;Wojna Rosja-Ukraina. Raport dnia - piątek, 6 maja;https://wydarzenia.interia.pl/raporty/raport-ukraina-rosja/aktualnosci/news-wojna-rosja-ukraina-raport-dnia-piatek-6-maja,nId,6007474
27;Warmińsko-mazurskie: Sześciolatek ciężko ranny w wypadku na przejeździe kolejowym;https://wydarzenia.interia.pl/warminsko-mazurskie/news-warminsko-mazurskie-szesciolatek-ciezko-ranny-w-wypadku-na-p,nId,6007557
28;"""Nie możemy potwierdzić"". Pentagon o zatopieniu rosyjskiej fregaty";https://wydarzenia.interia.pl/raporty/raport-ukraina-rosja/aktualnosci/news-nie-mozemy-potwierdzic-pentagon-o-zatopieniu-rosyjskiej-freg,nId,6007553
29;Media: Prezydent USA zatwierdzi kolejny pakiet pomocy wojskowej dla Ukrainy;https://wydarzenia.interia.pl/raporty/raport-ukraina-rosja/aktualnosci/news-media-prezydent-usa-zatwierdzi-kolejny-pakiet-pomocy-wojskow,nId,6007524
30;Sztab generalny: Siły ukraińskie wyzwoliły pięć miejscowości w obwodzie charkowskim;https://wydarzenia.interia.pl/raporty/raport-ukraina-rosja/aktualnosci/news-sztab-generalny-sily-ukrainskie-wyzwolily-piec-miejscowosci-,nId,6007502
31;Siewierodonieck: Mimo rosyjskiego ataku mieszkańcy nie chcą opuszczać domów;https://wydarzenia.interia.pl/raporty/raport-ukraina-rosja/aktualnosci/news-siewierodonieck-mimo-rosyjskiego-ataku-mieszkancy-nie-chca-o,nId,6007501
32;Belgijska gazeta: Nie wszyscy światowi liderzy uważają Putina za złoczyńcę;https://wydarzenia.interia.pl/raporty/raport-ukraina-rosja/aktualnosci/news-belgijska-gazeta-nie-wszyscy-swiatowi-liderzy-uwazaja-putina,nId,6007482
33;Kuba: Wybuch w hotelu w Hawanie. Zginęło co najmniej osiem osób;https://wydarzenia.interia.pl/zagranica/news-kuba-wybuch-w-hotelu-w-hawanie-zginelo-co-najmniej-osiem-oso,nId,6007468
34;"Premier Ukrainy dziękuje Mateuszowi Morawieckiemu za akcję ""Stop Russia Now!""";https://wydarzenia.interia.pl/raporty/raport-ukraina-rosja/aktualnosci/news-premier-ukrainy-dziekuje-mateuszowi-morawieckiemu-za-akcje-s,nId,6007467
35;Matura 2022: Język niemiecki podstawowy. Arkusz CKE i odpowiedzi ;https://wydarzenia.interia.pl/raporty/raport-matura-2022/arkusze/news-matura-2022-jezyk-niemiecki-podstawowy-arkusz-cke-i-odpowied,nId,6006645
36;Były wiceprezes Gazprombanku: Śmierć rosyjskich menadżerów to nie były samobójstwa;https://wydarzenia.interia.pl/raporty/raport-ukraina-rosja/aktualnosci/news-byly-wiceprezes-gazprombanku-smierc-rosyjskich-menadzerow-to,nId,6007453
37;Kalisz: Pies odgryzł ucho kobiecie, która odpracowywała karę w schronisku dla zwierząt;https://wydarzenia.interia.pl/wielkopolskie/news-kalisz-pies-odgryzl-ucho-kobiecie-ktora-odpracowywala-kare-w,nId,6007298
38;Były szef Pentagonu: Trump chciał zbombardować kartele w Meksyku;https://wydarzenia.interia.pl/zagranica/news-byly-szef-pentagonu-trump-chcial-zbombardowac-kartele-w-meks,nId,6007302
39;"""Oni są nienormalni"". Ukraińskie służby przechwyciły rozmowę rosyjskiego żołnierza";https://wydarzenia.interia.pl/raporty/raport-ukraina-rosja/aktualnosci/news-oni-sa-nienormalni-ukrainskie-sluzby-przechwycily-rozmowe-ro,nId,6007289
40;Opole: Poseł Janusz Kowalski domaga się zmian w zarządzie i Radzie Nadzorczej Wodociągów i Kanalizacji;https://wydarzenia.interia.pl/opolskie/news-opole-posel-janusz-kowalski-domaga-sie-zmian-w-zarzadzie-i-r,nId,6007249
41;Ciechanów pomaga Ukrainie. Blisko 90 tys. zł na zakup dronów i noktowizorów;https://wydarzenia.interia.pl/raporty/raport-ukraina-rosja/aktualnosci/news-ciechanow-pomaga-ukrainie-blisko-90-tys-zl-na-zakup-dronow-i,nId,6007256
42;Ukraina: Służby wykryły 4 tys. kolaborantów, zlikwidowano 140 grup dywersyjnych;https://wydarzenia.interia.pl/raporty/raport-ukraina-rosja/aktualnosci/news-ukraina-sluzby-wykryly-4-tys-kolaborantow-zlikwidowano-140-g,nId,6007230
43;Miał doprowadzić do śmierci 12 podopiecznych. Rozpoczął się proces fałszywego księdza;https://wydarzenia.interia.pl/kraj/news-mial-doprowadzic-do-smierci-12-podopiecznych-rozpoczal-sie-p,nId,6007181
44;Bielsko-Biała: Zaatakował nożem 12-latkę, usłyszy zarzut usiłowania zabójstwa;https://wydarzenia.interia.pl/slaskie/news-bielsko-biala-zaatakowal-nozem-12-latke-uslyszy-zarzut-usilo,nId,6007211
45;Były minister zdrowia Łukasz Szumowski ma nowe stanowisko;https://wydarzenia.interia.pl/kraj/news-byly-minister-zdrowia-lukasz-szumowski-ma-nowe-stanowisko,nId,6007198
46;Bohaterski czyn 15-latki. Mimo ran uratowała życie czterech osób ;https://wydarzenia.interia.pl/raporty/raport-ukraina-rosja/aktualnosci/news-bohaterski-czyn-15-latki-mimo-ran-uratowala-zycie-czterech-o,nId,6007197
47;"""Podchwytliwe momenty"" na maturze z angielskiego. Nauczycielki komentują";https://wydarzenia.interia.pl/autor/magdalena-raducha/news-podchwytliwe-momenty-na-maturze-z-angielskiego-nauczycielki-,nId,6007188
48;Sofia Sapiega skazana na sześć lat kolonii karnej;https://wydarzenia.interia.pl/zagranica/news-sofia-sapiega-skazana-na-szesc-lat-kolonii-karnej,nId,6007142
49;Kanclerz Niemiec Olaf Scholz o rosyjskiej inwazji w Ukrainie: Największa katastrofa naszych czasów;https://wydarzenia.interia.pl/raporty/raport-ukraina-rosja/aktualnosci/news-kanclerz-niemiec-olaf-scholz-o-rosyjskiej-inwazji-w-ukrainie,nId,6007168
50;Grozev: Jeśli Putin wyda rozkaz ataku nuklearnego, generałowie go zignorują;https://wydarzenia.interia.pl/raporty/raport-ukraina-rosja/aktualnosci/news-grozev-jesli-putin-wyda-rozkaz-ataku-nuklearnego-generalowie,nId,6007166
51;Kraków: Miasto zapłaci klasztorowi za parking dla radnych, choć przed urzędem są wolne miejsca;https://wydarzenia.interia.pl/malopolskie/news-krakow-miasto-zaplaci-klasztorowi-za-parking-dla-radnych-cho,nId,6007157
52;Potężny pożar w prorosyjskiej Osetii Południowej. Czarna seria to sabotaże?;https://wydarzenia.interia.pl/raporty/raport-ukraina-rosja/aktualnosci/news-potezny-pozar-w-prorosyjskiej-osetii-poludniowej-czarna-seri,nId,6007146
53;Ukraina: Strach przed lotami i duże straty po stronie rosyjskich pilotów ;https://wydarzenia.interia.pl/raporty/raport-ukraina-rosja/aktualnosci/news-ukraina-strach-przed-lotami-i-duze-straty-po-stronie-rosyjsk,nId,6007144
54;Premier: Kredyt hipoteczny miał być szansą na nowy dom, a nie kulą u nogi;https://wydarzenia.interia.pl/kraj/news-premier-kredyt-hipoteczny-mial-byc-szansa-na-nowy-dom-a-nie-,nId,6007116
55;Częstochowa. Motocyklista - pielgrzym dwukrotnie zatrzymany przez policję;https://wydarzenia.interia.pl/slaskie/news-czestochowa-motocyklista-pielgrzym-dwukrotnie-zatrzymany-prz,nId,6007090
56;"Dmitrij Miedwiediew pisze o ""wysterylizowanym europejskim stadzie"". Chwali tylko Orbana";https://wydarzenia.interia.pl/raporty/raport-ukraina-rosja/aktualnosci/news-dmitrij-miedwiediew-pisze-o-wysterylizowanym-europejskim-sta,nId,6007099
57;Tragedia na Podkarpaciu. Audi przejechało leżącego na drodze 61-latka;https://wydarzenia.interia.pl/podkarpackie/news-tragedia-na-podkarpaciu-audi-przejechalo-lezacego-na-drodze-,nId,6007096
58;Matura 2022: Język niemiecki poziom podstawowy. U nas arkusz CKE i odpowiedzi ;https://wydarzenia.interia.pl/raporty/raport-matura-2022/aktualnosci/news-matura-2022-jezyk-niemiecki-poziom-podstawowy-u-nas-arkusz-c,nId,6006597
59;Pożar w szkolnym autobusie. Dzieci jechały do szkoły w Rytlu ;https://wydarzenia.interia.pl/pomorskie/news-pozar-w-szkolnym-autobusie-dzieci-jechaly-do-szkoly-w-rytlu,nId,6007073
60;Zamieszanie wokół Glapińskiego. Brejza chce ujawnienia opinii dla prezydenta;https://wydarzenia.interia.pl/kraj/news-zamieszanie-wokol-glapinskiego-brejza-chce-ujawnienia-opinii,nId,6007039
61;Amerykański niszczyciel przybił do portu w Gdyni ;https://wydarzenia.interia.pl/pomorskie/news-amerykanski-niszczyciel-przybil-do-portu-w-gdyni,nId,6007022
62;Polska kupuje uzbrojone drony Gladius. Mariusz Błaszczak zatwierdził umowę;https://wydarzenia.interia.pl/kraj/news-polska-kupuje-uzbrojone-drony-gladius-mariusz-blaszczak-zatw,nId,6007020
63;Nie żyje pierwsza żołnierka armii Putina. 27-letnia Walentina zginęła w Mariupolu;https://wydarzenia.interia.pl/raporty/raport-ukraina-rosja/aktualnosci/news-nie-zyje-pierwsza-zolnierka-armii-putina-27-letnia-walentina,nId,6007011
64;Matura 2022: Język angielski. Zobacz odpowiedzi i arkusz CKE;https://wydarzenia.interia.pl/raporty/raport-matura-2022/arkusze/news-matura-2022-jezyk-angielski-zobacz-odpowiedzi-i-arkusz-cke,nId,6006964
65;Poznań: Dziewczynka postrzelona na boisku szkolnym. Policja apeluje o pomoc;https://wydarzenia.interia.pl/wielkopolskie/news-poznan-dziewczynka-postrzelona-na-boisku-szkolnym-policja-ap,nId,6006966
66;Matura 2022: Język angielski. Doszło do przecieku? CKE zawiadamia prokuraturę ;https://wydarzenia.interia.pl/raporty/raport-matura-2022/aktualnosci/news-matura-2022-jezyk-angielski-doszlo-do-przecieku-cke-zawiadam,nId,6006976
67;Wielka Brytania: Konserwatyści tracą londyński bastion po 58 latach;https://wydarzenia.interia.pl/zagranica/news-wielka-brytania-konserwatysci-traca-londynski-bastion-po-58-,nId,6006932
68;Zaminowana Ukraina. Praca saperów potrwa dwa-trzy lata;https://wydarzenia.interia.pl/raporty/raport-ukraina-rosja/aktualnosci/news-zaminowana-ukraina-praca-saperow-potrwa-dwa-trzy-lata,nId,6006700
69;"Nieoficjalnie: Rosyjski okręt ""Admirał Makarow"" płonie w pobliżu Wyspy Węży";https://wydarzenia.interia.pl/raporty/raport-ukraina-rosja/aktualnosci/news-nieoficjalnie-rosyjski-okret-admiral-makarow-plonie-w-pobliz,nId,6006945
70;Niemcy obiecują Ukrainie haubicoarmaty. Andrij Melnyk: Czołgów wciąż nie ma ;https://wydarzenia.interia.pl/raporty/raport-ukraina-rosja/aktualnosci/news-niemcy-obiecuja-ukrainie-haubicoarmaty-andrij-melnyk-czolgow,nId,6006942
71;Rosjanie stracili blisko 25 tys. żołnierzy na Ukrainie. Nowe dane;https://wydarzenia.interia.pl/raporty/raport-ukraina-rosja/aktualnosci/news-rosjanie-stracili-blisko-25-tys-zolnierzy-na-ukrainie-nowe-d,nId,6006939
72;"""Byłam zdziwiona, że nie było maila"". Co jeszcze zaskoczyło na maturze z angielskiego?";https://wydarzenia.interia.pl/autor/magdalena-raducha/news-bylam-zdziwiona-ze-nie-bylo-maila-co-jeszcze-zaskoczylo-na-m,nId,6006930
73;"Rosyjska prokuratura: Krążownik ""Moskwa"" nie wpływał na ukraińskie wody";https://wydarzenia.interia.pl/raporty/raport-ukraina-rosja/aktualnosci/news-rosyjska-prokuratura-krazownik-moskwa-nie-wplywal-na-ukrains,nId,6006698
74;Atak Chin na Tajwan? Pentagon wskazuje możliwą datę;https://wydarzenia.interia.pl/zagranica/news-atak-chin-na-tajwan-pentagon-wskazuje-mozliwa-date,nId,6006915
75;Adam Niedzielski wbija szpilę unijnej komisarz zdrowia;https://wydarzenia.interia.pl/kraj/news-adam-niedzielski-wbija-szpile-unijnej-komisarz-zdrowia,nId,6006709
76;Fałszywe informacje o polskich żołnierzach w Ukrainie. Rozpowszechnia je RIA Novosti;https://wydarzenia.interia.pl/raporty/raport-ukraina-rosja/aktualnosci/news-falszywe-informacje-o-polskich-zolnierzach-w-ukrainie-rozpow,nId,6006602
77;Rosjanie utworzyli obozy filtracyjne. Denisowa: To tak naprawdę obozy koncentracyjne;https://wydarzenia.interia.pl/raporty/raport-ukraina-rosja/aktualnosci/news-rosjanie-utworzyli-obozy-filtracyjne-denisowa-to-tak-naprawd,nId,6006679
78;Straż Granicza: Migranci i Białorusini zaatakowali petardami, kamieniami i konarami drzew;https://wydarzenia.interia.pl/kraj/news-straz-granicza-migranci-i-bialorusini-zaatakowali-petardami-,nId,6006604
79;Ursula von der Leyen: Musimy uwolnić się od rosyjskiego gazu;https://wydarzenia.interia.pl/raporty/raport-ukraina-rosja/aktualnosci/news-ursula-von-der-leyen-musimy-uwolnic-sie-od-rosyjskiego-gazu,nId,6006630
80;Koniec stanu epidemii w Polsce. Konferencja Adama Niedzielskiego;https://wydarzenia.interia.pl/raporty/raport-koronawirus-chiny/polska/news-koniec-stanu-epidemii-w-polsce-konferencja-adama-niedzielski,nId,6006572
81;Krystyna Pawłowicz: Chciałabym, żeby cała Unia zniknęła z powierzchni;https://wydarzenia.interia.pl/kraj/news-krystyna-pawlowicz-chcialabym-zeby-cala-unia-zniknela-z-powi,nId,6006622
82;"12-latka raniona nożem w stabilnym stanie. ""Operacja ratująca życie""";https://wydarzenia.interia.pl/slaskie/news-12-latka-raniona-nozem-w-stabilnym-stanie-operacja-ratujaca-,nId,6006629
83;Obudziła się na własnym pogrzebie i zapukała w trumnę. Jest nagranie z szokującej uroczystości;https://wydarzenia.interia.pl/zagranica/news-obudzila-sie-na-wlasnym-pogrzebie-i-zapukala-w-trumne-jest-n,nId,6006614
84;"Ewakuacja Mariupola. W tle ""rosnące straty"" Rosjan";https://wydarzenia.interia.pl/raporty/raport-ukraina-rosja/aktualnosci/news-ewakuacja-mariupola-w-tle-rosnace-straty-rosjan,nId,6006599
85;"""Wojna? Nie chcemy zniknąć"". Kazachstan dmucha na zimne";https://wydarzenia.interia.pl/autor/wiktor-kazanecki/news-wojna-nie-chcemy-zniknac-kazachstan-dmucha-na-zimne,nId,6005148
86;Kadyrow pochwalił się nowymi rekrutami. Wytknięto mu jednak, że kłamie ;https://wydarzenia.interia.pl/raporty/raport-ukraina-rosja/aktualnosci/news-kadyrow-pochwalil-sie-nowymi-rekrutami-wytknieto-mu-jednak-z,nId,6006567
87;Węgry nie poprą nowych sankcji. Orban porównał je do bomby atomowej;https://wydarzenia.interia.pl/raporty/raport-ukraina-rosja/aktualnosci/news-wegry-nie-popra-nowych-sankcji-orban-porownal-je-do-bomby-at,nId,6006565
88;Matura 2022: Wystartował egzamin z języka angielskiego. Arkusze CKE i odpowiedzi w Interii;https://wydarzenia.interia.pl/raporty/raport-matura-2022/aktualnosci/news-matura-2022-wystartowal-egzamin-z-jezyka-angielskiego-arkusz,nId,6004764
89;Emil Czeczko pochowany. Spoczął na polskim wojskowym cmentarzu;https://wydarzenia.interia.pl/zagranica/news-emil-czeczko-pochowany-spoczal-na-polskim-wojskowym-cmentarz,nId,6006541
90;"Pozew rosyjskich żołnierzy. ""Publiczne splunięcie Putinowi w twarz""";https://wydarzenia.interia.pl/raporty/raport-ukraina-rosja/aktualnosci/news-publiczne-spluniecie-putinowi-w-twarz-zolnierze-pozywaja-za-,nId,6006546
91;Sondaż: Większość Polaków za udziałem polskich żołnierzy w misji pokojowej w Ukrainie;https://wydarzenia.interia.pl/raporty/raport-ukraina-rosja/aktualnosci/news-sondaz-wiekszosc-polakow-za-udzialem-polskich-zolnierzy-w-mi,nId,6006535
92;Międzynarodowa akcja CBŚP. Rozbito gang handlujący bronią;https://wydarzenia.interia.pl/kraj/news-miedzynarodowa-akcja-cbsp-rozbito-gang-handlujacy-bronia,nId,6006506
93;"Media: Amerykanie pomogli Ukraińcom w zatopieniu krążownika ""Moskwa""";https://wydarzenia.interia.pl/raporty/raport-ukraina-rosja/aktualnosci/news-media-amerykanie-pomogli-ukraincom-w-zatopieniu-krazownika-m,nId,6006500
94;"Trwa szturm na Azowstal. Wojsko o ""blokadzie jednostek""";https://wydarzenia.interia.pl/raporty/raport-ukraina-rosja/aktualnosci/news-trwa-szturm-na-azowstal-wojsko-o-blokadzie-jednostek,nId,6006493
95;"15. akt oskarżenia przeciwko ""Babci Kasi""";https://wydarzenia.interia.pl/mazowieckie/news-15-akt-oskarzenia-przeciwko-babci-kasi,nId,6006480
96;"Potężne straty Rosjan. ""15 celów powietrznych""";https://wydarzenia.interia.pl/raporty/raport-ukraina-rosja/aktualnosci/news-potezne-straty-rosjan-15-celow-powietrznych,nId,6006475
97;Ukraińcy oskarżeni o zdradę stanu. Śledczy badają kilkaset przypadków;https://wydarzenia.interia.pl/raporty/raport-ukraina-rosja/aktualnosci/news-ukraincy-oskarzeni-o-zdrade-stanu-sledczy-badaja-kilkaset-pr,nId,6006467
98;Sekretarz prasowa Białego Domu odchodzi ze stanowiska;https://wydarzenia.interia.pl/zagranica/news-sekretarz-prasowa-bialego-domu-odchodzi-ze-stanowiska,nId,6005140
99;Wojna Rosja-Ukraina. Raport dnia - czwartek, 5 maja;https://wydarzenia.interia.pl/raporty/raport-ukraina-rosja/aktualnosci/news-wojna-rosja-ukraina-raport-dnia-czwartek-5-maja,nId,6004648
100;"Łukaszenka o ""rosyjskiej operacji"": Nie jestem zorientowany";https://wydarzenia.interia.pl/raporty/raport-ukraina-rosja/aktualnosci/news-lukaszenka-o-rosyjskiej-operacji-nie-jestem-zorientowany,nId,6005129
101;Rosyjski ostrzał Kramatorska. Kilkaset zniszczonych mieszkań;https://wydarzenia.interia.pl/raporty/raport-ukraina-rosja/aktualnosci/news-rosyjski-ostrzal-kramatorska-kilkaset-zniszczonych-mieszkan,nId,6005123
102;Tusk: Najbliższe wybory będą wolne, ale nie będą uczciwe;https://wydarzenia.interia.pl/kraj/news-tusk-najblizsze-wybory-beda-wolne-ale-nie-beda-uczciwe,nId,6005112
103;Orban o sankcjach przeciw Rosji: Historyczna klęska;https://wydarzenia.interia.pl/raporty/raport-ukraina-rosja/aktualnosci/news-orban-o-sankcjach-przeciw-rosji-historyczna-kleska,nId,6005106
104;Zamach terrorystyczny w Izraelu. Są ofiary śmiertelne;https://wydarzenia.interia.pl/zagranica/news-zamach-terrorystyczny-w-izraelu-sa-ofiary-smiertelne,nId,6005081
105;Premier Morawiecki: Putin popełnia ludobójstwo;https://wydarzenia.interia.pl/raporty/raport-ukraina-rosja/aktualnosci/news-premier-morawiecki-putin-popelnia-ludobojstwo,nId,6005074
106;Deskorolkarze odwiedzili ukraińskie dzieci w Ossie;https://wydarzenia.interia.pl/kraj/news-deskorolkarze-odwiedzili-ukrainskie-dzieci-w-ossie,nId,6005064
